full_name,birth_date,adm4,start,end,source
Alfredo Marco Tabar,1933-05-16,es_ara_vitoriagasteiz,1977-01-01,1979-05-15,https://es.wikipedia.org/wiki/Alfredo_Marco_Tabar
José Ángel Cuerda Montoya,1934-03-17,es_ara_vitoriagasteiz,1979-05-15,1999-07-04,https://es.wikipedia.org/wiki/Jos%C3%A9_%C3%81ngel_Cuerda
Alfonso Alonso Aranegui,1967-04-14,es_ara_vitoriagasteiz,1999-07-04,2007-06-14,https://es.wikipedia.org/wiki/Alfonso_Alonso
Patxi Lazcoz Baigorri,1965-08-30,es_ara_vitoriagasteiz,2007-06-16,2011-06-11,https://es.wikipedia.org/wiki/Patxi_Lazcoz
Javier Ignacio Maroto Aranzábal,1972-01-06,es_ara_vitoriagasteiz,2019-07-30,2999-12-31,https://es.wikipedia.org/wiki/Javier_Maroto
Ramón Bello Bañón,1930-01-01,es_alb_albacete,1974-01-01,1978-01-01,https://es.wikipedia.org/wiki/Ram%C3%B3n_Bello_Ba%C3%B1%C3%B3n
Abelardo Sánchez Moreno,1935-01-01,es_alb_albacete,1978-01-01,1979-01-01,https://es.wikipedia.org/wiki/Abelardo_S%C3%A1nchez_Moreno
Salvador Jiménez Ibáñez,1943-09-01,es_alb_albacete,1979-04-19,1983-05-26,https://es.wikipedia.org/wiki/Salvador_Jim%C3%A9nez_Ib%C3%A1%C3%B1ez
José Jerez Colino,1939-12-21,es_alb_albacete,1983-05-26,1991-06-15,https://es.wikipedia.org/wiki/Jos%C3%A9_Jerez_Colino
Carmen Belmonte Useros,1950-01-01,es_alb_albacete,1991-06-15,1995-05-17,https://es.wikipedia.org/wiki/Carmina_Belmonte
Juan Garrido Herráez,1951-09-02,es_alb_albacete,1995-05-28,1999-06-13,https://es.wikipedia.org/wiki/Juan_Garrido_Herr%C3%A1ez
Manuel Pérez Castell,1948-02-12,es_alb_albacete,1999-07-03,2008-03-31,https://es.wikipedia.org/wiki/Manuel_P%C3%A9rez_Castell
María del Carmen Oliver Jaquero,1969-05-22,es_alb_albacete,2008-03-31,2011-06-11,https://es.wikipedia.org/wiki/Carmen_Oliver_Jaquero
María del Carmen Bayod Guinalio,1949-07-15,es_alb_albacete,2011-06-11,2015-06-13,https://es.wikipedia.org/wiki/Carmen_Bayod
Francisco Javier Cuenca García,1974-07-01,es_alb_albacete,2015-06-13,2017-06-29,https://es.wikipedia.org/wiki/Javier_Cuenca
Manuel Ramón Serrano López,1976-05-30,es_alb_albacete,2017-07-05,2019-06-15,https://es.wikipedia.org/wiki/Manuel_Serrano_L%C3%B3pez
Vicente Casañ López,1985-01-01,es_alb_albacete,2019-06-15,2021-06-07,https://es.wikipedia.org/wiki/Vicente_Casa%C3%B1
Emilio Sáez Cruz,1969-08-06,es_alb_albacete,2021-06-07,2999-12-31,https://es.wikipedia.org/wiki/Emilio_S%C3%A1ez_Cruz
José Luis Lassaletta Cano,1933-01-01,es_ali_alicantealacant,1979-05-15,1991-07-04,https://es.wikipedia.org/wiki/Jos%C3%A9_Luis_Lassaletta
Ángel Luna González,1952-01-01,es_ali_alicantealacant,1991-06-15,1995-06-23,https://es.wikipedia.org/wiki/%C3%81ngel_Luna
Luis Bernardo Díaz Alperi,1945-06-23,es_ali_alicantealacant,1995-06-23,2008-09-17,https://es.wikipedia.org/wiki/Luis_D%C3%ADaz_Alperi
Sonia Castedo Ramos,1970-12-23,es_ali_alicantealacant,2008-09-11,2014-12-26,https://es.wikipedia.org/wiki/Sonia_Castedo
Miguel Valor Peidró,1945-01-02,es_ali_alicantealacant,2015-01-15,2015-06-13,https://es.wikipedia.org/wiki/Miguel_Valor_Peidr%C3%B3
Gabriel Echávarri Fernández,1970-12-29,es_ali_alicantealacant,2015-06-13,2018-04-09,https://es.wikipedia.org/wiki/Gabriel_Ech%C3%A1varri
Luis José Barcala Sierra,1962-03-19,es_ali_alicantealacant,2018-04-19,2999-12-31,https://es.wikipedia.org/wiki/Luis_Barcala
Rafael Monterreal Alemán,1929-01-01,es_alm_almeria,1976-01-01,1979-01-01,https://www.dipalme.org/Servicios/IEA/edba.nsf/xlecturabiografias.xsp?ref=346
Santiago Martínez Cabrejas,1948-02-25,es_alm_almeria,1979-04-19,1991-06-15,https://es.wikipedia.org/wiki/Santiago_Mart%C3%ADnez_Cabrejas
Fernando Martínez López,1949-01-23,es_alm_almeria,1991-06-15,1995-06-17,https://es.wikipedia.org/wiki/Fernando_Mart%C3%ADnez_L%C3%B3pez
Juan Francisco Megino López,1944-11-12,es_alm_almeria,1995-06-17,1999-07-04,https://www.diariodesevilla.es/encuentrosdigitales/Juan-Megino-Almeria-Corte-Ingles_0_193780624.html
Santiago Martínez Cabrejas,1948-02-25,es_alm_almeria,1999-07-04,2003-06-14,https://es.wikipedia.org/wiki/Santiago_Mart%C3%ADnez_Cabrejas
Luis Rogelio Rodríguez-Comendador Pérez,1959-02-19,es_alm_almeria,2003-06-14,2015-11-28,https://es.wikipedia.org/wiki/Luis_Rogelio_Rodr%C3%ADguez-Comendador
Ramón Fernández-Pacheco Monterreal,1983-09-17,es_alm_almeria,2015-11-28,2999-12-31,https://es.wikipedia.org/wiki/Ram%C3%B3n_Fern%C3%A1ndez-Pacheco_Monterreal
Eloína Suárez Suárez,,es_ast_oviedo,1978-06-30,1979-04-19,
Luis Riera Posada,1923-04-11,es_ast_oviedo,1979-04-19,1983-05-23,https://ast.wikipedia.org/wiki/Luis_Riera_Posada
Antonio Alejandro Masip Hidalgo,1946-05-03,es_ast_oviedo,1983-05-23,1991-06-15,https://ast.wikipedia.org/wiki/Antonio_Masip
Gabino de Lorenzo Ferrera,1943-02-14,es_ast_oviedo,2012-01-09,2018-03-22,https://es.wikipedia.org/wiki/Gabino_de_Lorenzo
Agustín Iglesias Caunedo,1971-02-10,es_ast_oviedo,2012-01-10,2015-06-13,https://es.wikipedia.org/wiki/Agust%C3%ADn_Iglesias_Caunedo
Francisco Wenceslao López Martínez,1947-10-29,es_ast_oviedo,2015-06-13,2019-06-15,https://es.wikipedia.org/wiki/Wenceslao_L%C3%B3pez_Mart%C3%ADnez
Alfredo Canteli Fernández,1946-08-12,es_ast_oviedo,2019-06-15,2999-12-31,https://es.wikipedia.org/wiki/Alfredo_Canteli
Pedro García Burguillo,1934-03-02,es_avi_avila,1979-04-19,1983-05-23,
José Luis Pujades Martín,,es_avi_avila,1983-05-23,1983-11-06,
Isidoro Heras Díaz,,es_avi_avila,1983-11-06,1984-02-05,
Mario Galán Sáez,1941-01-01,es_avi_avila,1984-02-05,1987-06-30,https://es.wikipedia.org/wiki/Mario_Gal%C3%A1n_S%C3%A1ez
Antonio Encinar Núñez,,es_avi_avila,1987-06-30,1991-07-06,
Ángel Jesús Acebes Paniagua,1958-07-03,es_avi_avila,1991-07-06,1995-06-16,https://es.wikipedia.org/wiki/%C3%81ngel_Acebes
María Dolores Ruiz-Ayúcar Zurdo,1945-01-01,es_avi_avila,1995-06-16,1999-07-04,https://es.wikipedia.org/wiki/Dolores_Ruiz-Ay%C3%BAcar
Agustín Díaz de Mera García Consuegra,1947-09-27,es_avi_avila,1999-07-04,2002-07-31,https://es.wikipedia.org/wiki/Agust%C3%ADn_D%C3%ADaz_de_Mera
Miguel Ángel García Nieto,1958-09-29,es_avi_avila,2002-07-31,2015-06-13,https://es.wikipedia.org/wiki/Miguel_%C3%81ngel_Garc%C3%ADa_Nieto
José Luis Rivas Hernández,1950-01-01,es_avi_avila,2015-06-13,2019-06-15,https://es.wikipedia.org/wiki/Jos%C3%A9_Luis_Rivas_Hern%C3%A1ndez
Jesús Manuel Sánchez Cabrera,1982-08-01,es_avi_avila,2019-06-15,2999-12-31,https://es.wikipedia.org/wiki/Jes%C3%BAs_Manuel_S%C3%A1nchez_Cabrera
Luis Movilla Montero,1932-02-07,es_bad_badajoz,1977-01-01,1983-05-23,https://www.dip-badajoz.es/cultura/archivo/historico_diputados/consulta_ficha.php?id=759
Manuel Rojas Torres,1945-01-01,es_bad_badajoz,1983-05-23,1991-12-27,https://es.wikipedia.org/wiki/Manuel_Rojas_Torres
Gabriel Montesinos Gómez,1945-01-01,es_bad_badajoz,1991-12-27,1995-06-17,https://es.wikipedia.org/wiki/Manuel_Rojas_Torres
Miguel Ángel Celdrán Matute,1940-03-04,es_bad_badajoz,1995-06-17,2013-03-04,https://es.wikipedia.org/wiki/Miguel_Celdr%C3%A1n
Francisco Javier Fragoso Martínez,1971-09-08,es_bad_badajoz,2013-03-15,2021-06-15,https://es.wikipedia.org/wiki/Francisco_Javier_Fragoso
Ignacio Gragera Barrera,1982-09-06,es_bad_badajoz,2021-06-26,2999-12-31,https://es.wikipedia.org/wiki/Ignacio_Gragera_Barrera
José María Socías Humbert,1937-08-22,es_bar_barcelona,1976-12-06,1979-01-02,https://es.wikipedia.org/wiki/Jos%C3%A9_Mar%C3%ADa_Soc%C3%ADas
Manuel Font-Altaba,1922-01-01,es_bar_barcelona,1979-01-02,1979-04-19,https://es.wikipedia.org/wiki/Manuel_Font-Altaba
Narcís Serra Serra,1943-05-30,es_bar_barcelona,1979-04-19,1982-12-02,https://es.wikipedia.org/wiki/Narc%C3%ADs_Serra
Pasqual Maragall Mira,1941-01-13,es_bar_barcelona,1982-12-02,1997-09-26,https://es.wikipedia.org/wiki/Pasqual_Maragall
Joan Clos Matheu,1949-06-29,es_bar_barcelona,1997-09-26,2006-09-08,https://es.wikipedia.org/wiki/Joan_Clos
Jordi Hereu Boher,1965-06-14,es_bar_barcelona,2006-09-08,2011-06-11,https://es.wikipedia.org/wiki/Jordi_Hereu
Xavier Trias Vidal de Llobatera,1946-08-05,es_bar_barcelona,2011-06-11,2015-06-13,https://es.wikipedia.org/wiki/Xavier_Trias
Ada Colau Ballano,1974-03-03,es_bar_barcelona,2015-06-13,2999-12-31,https://es.wikipedia.org/wiki/Ada_Colau
José Muñoz Ávila,1923-08-22,es_bur_burgos,1973-07-28,1979-07-10,https://es.wikipedia.org/wiki/Jos%C3%A9_Mu%C3%B1oz_%C3%81vila
José María Peña San Martín,1937-01-01,es_bur_burgos,1979-07-10,1992-06-03,https://es.wikipedia.org/wiki/Jos%C3%A9_Mar%C3%ADa_Pe%C3%B1a_San_Mart%C3%ADn
Valentín Niño Aragón,1935-10-11,es_bur_burgos,1992-06-17,1999-07-03,https://es.wikipedia.org/wiki/Valent%C3%ADn_Ni%C3%B1o_Arag%C3%B3n
Ángel Olivares Ramírez,1955-02-08,es_bur_burgos,1999-07-03,2003-06-14,https://es.wikipedia.org/wiki/%C3%81ngel_Olivares
Juan Carlos Aparicio Pérez,1955-04-20,es_bur_burgos,2003-06-14,2011-06-11,https://es.wikipedia.org/wiki/Juan_Carlos_Aparicio
Francisco Javier Lacalle Lacalle,1969-08-10,es_bur_burgos,2011-06-11,2015-06-15,https://es.wikipedia.org/wiki/Javier_Lacalle
Daniel de la Rosa Villahoz,1980-09-10,es_bur_burgos,2015-06-15,2999-12-31,https://es.wikipedia.org/wiki/Daniel_de_la_Rosa
Luis González Cascos,1926-11-15,es_cac_caceres,1979-04-19,1980-07-01,https://www.hoy.es/caceres/201604/07/fallece-luis-gonzalez-cascos-20160407190205.html
Manuel Domínguez Lucero,1946-12-18,es_cac_caceres,1980-07-01,1983-05-23,https://www.hoy.es/20130711/local/caceres/muerto-manuel-dominguez-lucero-201307111458.html
Juan Iglesias Marcelo,1931-03-01,es_cac_caceres,1983-05-23,1987-06-30,https://es.wikipedia.org/wiki/Juan_Iglesias_Marcelo
Carlos Sánchez Polo,1944-05-04,es_cac_caceres,1987-06-30,1995-06-23,https://es.wikipedia.org/wiki/Carlos_S%C3%A1nchez_Polo
José María Saponi Mendo,1938-06-19,es_cac_caceres,1995-06-23,2007-06-16,https://es.wikipedia.org/wiki/Jos%C3%A9_Mar%C3%ADa_Saponi
Carmen Heras Pablo,1948-11-18,es_cac_caceres,2007-06-16,2011-06-11,https://es.wikipedia.org/wiki/Carmen_Heras
María Elena Nevado del Campo,1967-01-26,es_cac_caceres,2011-06-11,2019-06-15,https://es.wikipedia.org/wiki/Elena_Nevado_del_Campo
Luis Salaya Julián,1988-06-23,es_cac_caceres,2019-06-15,2999-12-31,https://es.wikipedia.org/wiki/Luis_Salaya_Juli%C3%A1n
Carlos Díaz Medina,1935-09-03,es_cad_cadiz,1979-04-19,1995-06-18,https://es.wikipedia.org/wiki/Carlos_D%C3%ADaz_Medina
María Teófila Martínez Saiz,1948-01-05,es_cad_cadiz,1995-06-18,2015-06-13,https://es.wikipedia.org/wiki/Te%C3%B3fila_Mart%C3%ADnez
José María González Santos,1975-09-22,es_cad_cadiz,2015-06-13,2999-12-31,https://es.wikipedia.org/wiki/Jos%C3%A9_Mar%C3%ADa_Gonz%C3%A1lez_Santos
Juan Hormaechea Cazón,1939-06-05,es_can_santander,1977-06-15,1987-06-24,https://es.wikipedia.org/wiki/Juan_Hormaechea
Manuel Huerta Castillo,1947-03-12,es_can_santander,1987-06-24,1995-06-23,https://es.wikipedia.org/wiki/Manuel_Huerta
Gonzalo Javier Piñeiro García-Lago,1954-06-26,es_can_santander,1995-06-23,2007-06-16,https://es.wikipedia.org/wiki/Gonzalo_Pi%C3%B1eiro
Íñigo de la Serna Hernaiz,1971-01-10,es_can_santander,2007-06-16,2016-11-04,https://es.wikipedia.org/wiki/%C3%8D%C3%B1igo_de_la_Serna
Gema Igual Ortiz,1973-09-10,es_can_santander,2016-11-17,2999-12-31,https://es.wikipedia.org/wiki/Gema_Igual
Antonio José Tirado Jiménez,,es_cas_castellondelaplanacastell,1979-04-19,1987-06-30,
Daniel Gozalbo Bellés,1948-05-24,es_cas_castellondelaplanacastell,1987-06-30,1991-05-25,https://ca.wikipedia.org/wiki/Daniel_Gozalbo_Bell%C3%A9s
José Luis Gimeno Ferrer,1942-02-20,es_cas_castellondelaplanacastell,1991-06-15,2005-01-29,https://es.wikipedia.org/wiki/Jos%C3%A9_Luis_Gimeno
Alberto Fabra Part,1964-04-06,es_cas_castellondelaplanacastell,2005-01-29,2011-07-27,https://es.wikipedia.org/wiki/Alberto_Fabra
Juan Alfonso Bataller Vicent,1960-03-06,es_cas_castellondelaplanacastell,2011-07-30,2015-06-13,https://es.wikipedia.org/wiki/Alfonso_Bataller
Amparo Marco Gual,1968-02-08,es_cas_castellondelaplanacastell,2015-06-13,2999-12-31,https://es.wikipedia.org/wiki/Amparo_Marco
Lorenzo Selas Céspedes,1938-01-12,es_ciu_ciudadreal,1979-04-15,1993-06-23,https://es.wikipedia.org/wiki/Lorenzo_Selas_C%C3%A9spedes
Nicolás Clavero Romero,1950-03-22,es_ciu_ciudadreal,1993-06-23,1995-06-23,https://es.wikipedia.org/wiki/Nicol%C3%A1s_Clavero
Francisco Gil-Ortega Rincón,1950-04-25,es_ciu_ciudadreal,1995-06-23,2007-06-16,http://ciudadreal.es/documentos/RevistaCR/Revista_Ciudad_Real_1.pdf
Rosa Romero Sánchez,1970-02-14,es_ciu_ciudadreal,2007-06-16,2015-06-13,https://es.wikipedia.org/wiki/Rosa_Romero_S%C3%A1nchez
María del Pilar Zamora Bastante,1971-01-01,es_ciu_ciudadreal,2015-06-13,2021-06-18,https://es.wikipedia.org/wiki/Pilar_Zamora
Eva María Masías,1974-05-25,es_ciu_ciudadreal,2021-06-18,2999-12-31,https://www.ciudadreal.es/ayuntamiento/corporacion-municipal.html
Antonio Alarcón Constant,1923-11-23,es_cor_cordoba,1971-04-04,1979-04-19,https://es.wikipedia.org/wiki/Antonio_Alarc%C3%B3n_Constant
Julio Anguita González,1941-11-21,es_cor_cordoba,1979-04-19,1986-02-01,https://es.wikipedia.org/wiki/Julio_Anguita
Herminio Trigo Aguilar,1943-02-12,es_cor_cordoba,1986-02-01,1995-01-26,https://es.wikipedia.org/wiki/Herminio_Trigo
Manuel Pérez Pérez,1951-02-03,es_cor_cordoba,1995-02-02,1995-07-07,https://es.wikipedia.org/wiki/Manuel_P%C3%A9rez_P%C3%A9rez
Rafael Merino López,1959-01-08,es_cor_cordoba,1995-07-07,1999-06-11,https://es.wikipedia.org/wiki/Rafael_Merino
Rosa Aguilar Rivero,1957-07-07,es_cor_cordoba,1999-07-04,2009-04-23,https://es.wikipedia.org/wiki/Rosa_Aguilar
Andrés Ocaña Rabadán,1954-04-26,es_cor_cordoba,2009-05-08,2011-06-11,https://es.wikipedia.org/wiki/Andr%C3%A9s_Oca%C3%B1a
José Antonio Nieto Ballesteros,1970-04-10,es_cor_cordoba,2011-06-11,2015-06-13,https://es.wikipedia.org/wiki/Jos%C3%A9_Antonio_Nieto
María Isabel Ambrosio Palos,1970-07-18,es_cor_cordoba,2015-06-13,2019-06-15,https://es.wikipedia.org/wiki/Isabel_Ambrosio
José María Bellido Roche,1977-09-15,es_cor_cordoba,2019-06-15,2999-12-31,https://es.wikipedia.org/wiki/Jos%C3%A9_Mar%C3%ADa_Bellido_(pol%C3%ADtico)
José Manuel Liaño Flores,1921-11-15,es_aco_corunaa,1976-02-01,1978-12-30,https://es.wikipedia.org/wiki/Jos%C3%A9_Manuel_Lia%C3%B1o_Flores
Berta Tapia Dafonte,1927-02-01,es_aco_corunaa,1978-12-30,1979-04-03,https://gl.wikipedia.org/wiki/Berta_Tapia
Domingos Rafael Merino Mexuto,1939-06-21,es_aco_corunaa,1979-04-19,1981-03-25,https://es.wikipedia.org/wiki/Domingos_Merino
Joaquín López Menéndez,1939-07-22,es_aco_corunaa,1981-04-01,1983-05-23,https://es.wikipedia.org/wiki/Joaqu%C3%ADn_L%C3%B3pez_Men%C3%A9ndez
Francisco José Vázquez Vázquez,1946-04-09,es_aco_corunaa,1983-05-23,2006-03-24,https://es.wikipedia.org/wiki/Francisco_V%C3%A1zquez_V%C3%A1zquez
Francisco Javier Losada de Azpiazu,1955-07-16,es_aco_corunaa,2006-03-24,2011-06-11,https://es.wikipedia.org/wiki/Javier_Losada
Carlos Negreira Souto,1960-07-16,es_aco_corunaa,2011-06-11,2015-06-13,https://es.wikipedia.org/wiki/Carlos_Negreira_Souto
Xulio Xosé Ferreiro Baamonde,1974-10-18,es_aco_corunaa,2015-06-13,2019-06-15,https://es.wikipedia.org/wiki/Xulio_Ferreiro
Inés Rey García,1982-07-11,es_aco_corunaa,2019-06-15,2999-12-31,https://es.wikipedia.org/wiki/In%C3%A9s_Rey
Andrés Moya López,1933-02-13,es_cue_cuenca,1979-04-19,1983-05-23,https://es.wikipedia.org/wiki/Andr%C3%A9s_Moya_L%C3%B3pez
José Ignacio Navarrete de Varela,,es_cue_cuenca,1983-05-23,1987-06-30,
Andrés Moya López,1933-02-13,es_cue_cuenca,1987-06-30,1991-07-15,https://es.wikipedia.org/wiki/Andr%C3%A9s_Moya_L%C3%B3pez
José Manuel Martínez Cenzano,1944-03-01,es_cue_cuenca,1991-07-15,1995-06-23,https://es.wikipedia.org/wiki/Jos%C3%A9_Manuel_Mart%C3%ADnez_Cenzano
Manuel Ferreros Lorenzo,,es_cue_cuenca,1995-06-23,1999-07-03,
José Manuel Martínez Cenzano,1944-03-01,es_cue_cuenca,1999-07-03,2007-06-16,https://es.wikipedia.org/wiki/Jos%C3%A9_Manuel_Mart%C3%ADnez_Cenzano
Francisco Javier Pulido Morillo,1964-01-01,es_cue_cuenca,2007-06-16,2011-06-11,http://cuenca-virtual.com/ayuntamiento/francisco-javier-pulido-morillo-alcalde-de-cuenca-2007/gmx-niv66-con2104.htm
Juan Manuel Ávila Francés,1967-05-24,es_cue_cuenca,2011-06-11,2015-06-13,https://es.wikipedia.org/wiki/Juan_%C3%81vila
Ángel Luis Mariscal Estrada,1962-10-28,es_cue_cuenca,2015-06-13,2019-06-15,https://es.wikipedia.org/wiki/%C3%81ngel_Mariscal_Estrada
Darío Francisco Dolz Fernández,1967-01-01,es_cue_cuenca,2019-06-15,2999-12-31,https://es.wikipedia.org/wiki/Dar%C3%ADo_Dolz
Josep Bonet Cufí,1913-11-08,es_gir_girona,1967-02-05,1972-03-03,https://ca.wikipedia.org/wiki/Josep_Bonet_i_Cuf%C3%AD
Ignasi de Ribot de Balle,1926-05-11,es_gir_girona,1972-03-03,1979-04-19,https://ca.wikipedia.org/wiki/Ignasi_de_Ribot_i_de_Balle
Joaquim Nadal Farreras,1948-01-31,es_gir_girona,1979-04-19,2002-01-02,https://es.wikipedia.org/wiki/Joaquim_Nadal
Anna Pagans Gruartmoner,1952-05-10,es_gir_girona,2002-01-19,2011-06-11,https://ca.wikipedia.org/wiki/Anna_Pagans_i_Gruartmoner
Carles Puigdemont Casamajó,1962-12-29,es_gir_girona,2011-07-01,2016-01-11,https://es.wikipedia.org/wiki/Carles_Puigdemont
Albert Ballesta Tura,1961-05-04,es_gir_girona,2016-01-25,2016-03-08,https://ca.wikipedia.org/wiki/Albert_Ballesta_i_Tura
Marta Madrenas Mir,1967-11-01,es_gir_girona,2016-03-18,2999-12-31,https://es.wikipedia.org/wiki/Marta_Madrenas
Antonio Camacho García,1926-09-26,es_gra_granada,1979-04-15,1979-11-15,https://es.wikipedia.org/wiki/Antonio_Camacho_Garc%C3%ADa
Juan Tapia Sánchez,1914-05-22,es_gra_granada,1979-11-15,1979-11-15,https://es.wikipedia.org/wiki/Juan_Tapia_S%C3%A1nchez
Antonio Jara Andréu,1946-04-12,es_gra_granada,1979-11-15,1991-06-17,https://es.wikipedia.org/wiki/Antonio_Jara_Andr%C3%A9u
Jesús Quero Molina,1955-07-14,es_gra_granada,1991-06-17,1995-06-23,https://es.wikipedia.org/wiki/Jes%C3%BAs_Quero_Molina
José Gabriel Díaz Berbel,1940-03-19,es_gra_granada,1995-06-23,1999-07-04,https://es.wikipedia.org/wiki/Gabriel_D%C3%ADaz_Berbel
José Enrique Moratalla Molina,1949-02-01,es_gra_granada,1999-07-04,2003-06-14,https://es.wikipedia.org/wiki/Jos%C3%A9_Enrique_Moratalla
José Torres Hurtado,1946-10-15,es_gra_granada,2003-06-14,2016-04-18,https://es.wikipedia.org/wiki/Jos%C3%A9_Torres_Hurtado
Francisco Cuenca Rodríguez,1969-08-12,es_gra_granada,2016-05-05,2019-06-15,https://es.wikipedia.org/wiki/Francisco_Cuenca
Luis Miguel Salvador García,1963-04-17,es_gra_granada,2019-06-15,2021-07-01,https://es.wikipedia.org/wiki/Luis_Salvador
Francisco Cuenca Rodríguez,1969-08-12,es_gra_granada,2021-07-07,2999-12-31,https://es.wikipedia.org/wiki/Francisco_Cuenca
Francisco Javier de Irízar Ortega,1949-03-13,es_gua_guadalajara,1979-04-19,1991-06-15,https://es.wikipedia.org/wiki/Javier_de_Ir%C3%ADzar
Blanca Calvo Alonso-Cortés,1948-08-26,es_gua_guadalajara,1991-06-15,1992-07-16,https://es.wikipedia.org/wiki/Blanca_Calvo_Alonso-Cort%C3%A9s
Fernando Revuelta Somalo,,es_gua_guadalajara,1992-07-16,1992-07-20,
José María Bris Gallego,1937-03-07,es_gua_guadalajara,1992-07-20,2003-06-14,https://es.wikipedia.org/wiki/Jos%C3%A9_Mar%C3%ADa_Bris_Gallego
Jesús Alique López,1962-01-01,es_gua_guadalajara,2003-06-14,2007-06-16,https://es.wikipedia.org/wiki/Jes%C3%BAs_Alique
Antonio Román Jasanada,1965-06-21,es_gua_guadalajara,2007-06-16,2019-06-15,https://es.wikipedia.org/wiki/Antonio_Rom%C3%A1n_Jasanada
Alberto Rojo Blas,1975-01-27,es_gua_guadalajara,2019-06-15,2999-12-31,https://es.wikipedia.org/wiki/Alberto_Rojo_Blas
Felipe de Ugarte Lambert de Sainte Croix,1916-04-02,es_gip_donostiasansebastian,1969-06-16,1974-02-08,https://es.wikipedia.org/wiki/Felipe_de_Ugarte
Francisco Lasa Echarri,1921-06-04,es_gip_donostiasansebastian,1974-03-22,1977-03-18,https://es.wikipedia.org/wiki/Francisco_Lasa
Fernando de Otazu Zulueta,1920-08-13,es_gip_donostiasansebastian,1977-03-18,1978-09-24,https://es.wikipedia.org/wiki/Fernando_de_Otazu
Ramón Jáuregui Atondo,1948-09-01,es_gip_donostiasansebastian,1978-09-24,1979-02-01,https://es.wikipedia.org/wiki/Ram%C3%B3n_J%C3%A1uregui
Ignacio Alquiza Lasquíbar,1933-07-31,es_gip_donostiasansebastian,1979-02-01,1979-03-01,https://es.wikipedia.org/wiki/I%C3%B1aki_Alkiza
Jesús María Alkain Martikorena,1922-01-27,es_gip_donostiasansebastian,1979-06-20,1983-05-20,https://es.wikipedia.org/wiki/Jes%C3%BAs_Mar%C3%ADa_Alkain
Ramón María Labayen Sansinenea,1928-08-31,es_gip_donostiasansebastian,1983-06-20,1987-05-20,https://es.wikipedia.org/wiki/Ram%C3%B3n_Labayen
Francisco Xabier Albistur Marin,1944-01-04,es_gip_donostiasansebastian,1987-06-20,1991-05-20,https://es.wikipedia.org/wiki/Xabier_Albistur
Odón Elorza González,1955-04-04,es_gip_donostiasansebastian,1991-06-20,2011-06-11,https://es.wikipedia.org/wiki/Od%C3%B3n_Elorza
Juan Carlos Izagirre Hortelano,1963-06-01,es_gip_donostiasansebastian,2011-06-11,2015-06-13,https://es.wikipedia.org/wiki/Juan_Carlos_Izagirre
Eneko Goia Laso,1971-10-30,es_gip_donostiasansebastian,2015-06-13,2999-12-31,https://es.wikipedia.org/wiki/Eneko_Goia
Carmelo Romero Núñez,1930-06-12,es_hue_huelva,1974-09-21,1979-04-20,https://huelvabuenasnoticias.com/2017/01/29/carmelo-romero-nunez-entre-dos-aguas-politicas-1974-1979/
José Antonio Marín Rite,1941-06-29,es_hue_huelva,1979-04-20,1988-10-05,https://es.wikipedia.org/wiki/Jos%C3%A9_Antonio_Mar%C3%ADn_Rite
Juan Ceada Infantes,1941-01-01,es_hue_huelva,1988-10-05,1995-06-17,https://es.wikipedia.org/wiki/Juan_Ceada_Infantes
Pedro Rodríguez González,1944-06-22,es_hue_huelva,1995-06-23,2015-06-13,https://es.wikipedia.org/wiki/Pedro_Rodr%C3%ADguez_Gonz%C3%A1lez
Gabriel Cruz Santana,1964-01-05,es_hue_huelva,2015-06-13,2999-12-31,https://es.wikipedia.org/wiki/Gabriel_Cruz_Santana
José Antonio Llanas Almudévar,1920-12-16,es_hus_huesca,1979-04-19,1983-05-23,https://es.wikipedia.org/wiki/Jos%C3%A9_Antonio_Llanas_Almud%C3%A9var
Enrique Sánchez Carrasco,1928-03-28,es_hus_huesca,1983-05-23,1995-06-17,https://es.wikipedia.org/wiki/Enrique_S%C3%A1nchez_Carrasco
Luis Acín Boned,1948-11-29,es_hus_huesca,1995-06-17,1997-12-02,https://es.wikipedia.org/wiki/Luis_Ac%C3%ADn_Boned
José Luis Rubió Gracia,1942-01-01,es_hus_huesca,1997-12-02,1999-07-03,https://www.heraldo.es/noticias/aragon/huesca/2017/11/18/huesca-dedica-una-centrica-plaza-memoria-del-exalcalde-del-jose-luis-rubio-1208826-2261127.html
Fernando Elboj Broto,1946-07-14,es_hus_huesca,1999-07-03,2010-07-03,https://es.wikipedia.org/wiki/Fernando_Elboj_Broto
Luis Felipe Serrate,1962-04-05,es_hus_huesca,2010-07-03,2011-06-11,https://es.wikipedia.org/wiki/Luis_Felipe_Serrate
Ana Isabel Alós López,1969-05-11,es_hus_huesca,2011-06-11,2015-06-13,https://es.wikipedia.org/wiki/Ana_Al%C3%B3s
Luis Felipe Serrate,1962-04-05,es_hus_huesca,2015-06-13,2999-12-31,https://es.wikipedia.org/wiki/Luis_Felipe_Serrate
Rafael de la Rosa Vázquez,1919-02-10,es_iba_palmademallorca,1972-06-16,1976-06-16,https://es.wikipedia.org/wiki/Rafael_de_la_Rosa
Paulino Buchens Adrover,1944-08-18,es_iba_palmademallorca,1976-05-09,1979-06-16,https://es.wikipedia.org/wiki/Paulino_Buchens
Ramón Aguiló Munar,1950-02-03,es_iba_palmademallorca,1979-06-16,1991-06-15,https://es.wikipedia.org/wiki/Ram%C3%B3n_Aguil%C3%B3
Joan Fageda Aubert,1937-01-20,es_iba_palmademallorca,1991-06-15,2003-06-14,https://es.wikipedia.org/wiki/Joan_Fageda
Catalina Cirer Adrover,1963-12-22,es_iba_palmademallorca,2003-06-14,2007-06-16,https://es.wikipedia.org/wiki/Catalina_Cirer
Ana María Calvo Sastre,1969-05-13,es_iba_palmademallorca,2007-06-16,2011-06-11,https://es.wikipedia.org/wiki/Aina_Calvo
Mateu Isern Estela,1959-04-04,es_iba_palmademallorca,2011-06-11,2015-06-13,https://es.wikipedia.org/wiki/Mateu_Isern
José Francisco Hila Vargas,1962-01-01,es_iba_palmademallorca,2015-06-13,2017-06-30,https://es.wikipedia.org/wiki/Jos%C3%A9_Hila
Antoni Noguera Ortega,1979-12-27,es_iba_palmademallorca,2017-06-30,2019-06-15,https://es.wikipedia.org/wiki/Antoni_Noguera
José Francisco Hila Vargas,1962-01-01,es_iba_palmademallorca,2019-06-15,2999-12-31,https://es.wikipedia.org/wiki/Jos%C3%A9_Hila
Emilio Arroyo López,1947-09-21,es_jae_jaen,1979-04-19,1986-07-29,https://es.wikipedia.org/wiki/Emilio_Arroyo_L%C3%B3pez
José María de la Torre Colmenero,1948-11-23,es_jae_jaen,1986-07-29,1989-07-11,https://es.wikipedia.org/wiki/Jos%C3%A9_Mar%C3%ADa_de_la_Torre_Colmenero
Alfonso Sánchez Herrera,1946-06-08,es_jae_jaen,1989-07-11,1991-06-15,https://es.wikipedia.org/wiki/Alfonso_S%C3%A1nchez_Herrera
José María de la Torre Colmenero,1948-11-23,es_jae_jaen,1991-06-15,1995-06-17,https://es.wikipedia.org/wiki/Jos%C3%A9_Mar%C3%ADa_de_la_Torre_Colmenero
Alfonso Sánchez Herrera,1946-06-08,es_jae_jaen,1995-06-17,1999-07-03,https://es.wikipedia.org/wiki/Alfonso_S%C3%A1nchez_Herrera
Miguel Sánchez de Alcázar Ocaña,1956-01-13,es_jae_jaen,1999-07-05,2007-06-16,https://es.wikipedia.org/wiki/Miguel_S%C3%A1nchez_de_Alc%C3%A1zar
Carmen Purificación Peñalver Pérez,1961-09-20,es_jae_jaen,2007-06-16,2011-06-11,https://es.wikipedia.org/wiki/Carmen_Pe%C3%B1alver
José Enrique Fernández de Moya Romero,1969-04-17,es_jae_jaen,2011-06-11,2015-11-23,https://es.wikipedia.org/wiki/Jos%C3%A9_Enrique_Fern%C3%A1ndez_de_Moya
Francisco Javier Márquez Sánchez,1971-09-17,es_jae_jaen,2015-11-30,2019-06-15,https://es.wikipedia.org/wiki/Francisco_Javier_M%C3%A1rquez_S%C3%A1nchez
Julio Millán Muñoz,1977-04-11,es_jae_jaen,2019-06-15,2999-12-31,https://es.wikipedia.org/wiki/Julio_Mill%C3%A1n
Gregorio Pérez de Lera,1948-03-01,es_leo_leon,1979-04-20,1979-10-21,https://es.wikipedia.org/wiki/Gregorio_P%C3%A9rez_de_Lera
Mario Amilivia González,1957-11-09,es_leo_leon,1979-10-30,1987-06-30,https://es.wikipedia.org/wiki/Mario_Amilivia
José Luis Díaz Villarig,1948-01-01,es_leo_leon,1987-06-30,1988-10-03,https://diariodevalladolid.elmundo.es/articulo/entrevistas/vicepresidente-es-interlocutor-muy-medico-veterinario-sea/20200705213016382897.html
Luis Diego Polo,1945-01-01,es_leo_leon,1988-10-03,1989-11-25,https://www.astorgadigital.com/luis-diego-polo-arquitecto-astorga-la-transicion/175291
María Francisca Fernández Ordóñez,,es_leo_leon,1989-11-25,1989-12-07,
Juan Morano Masa,1941-12-05,es_leo_leon,1989-12-07,1995-06-15,https://es.wikipedia.org/wiki/Juan_Morano
Mario Amilivia González,1957-11-09,es_leo_leon,1995-06-15,2003-06-14,https://es.wikipedia.org/wiki/Mario_Amilivia
Francisco Javier Fernández Álvarez,1955-07-13,es_leo_leon,2003-06-14,2004-12-03,https://es.wikipedia.org/wiki/Francisco_Javier_Fern%C3%A1ndez_%C3%81lvarez
Mario Amilivia González,1957-11-09,es_leo_leon,2004-12-03,2007-06-16,https://es.wikipedia.org/wiki/Mario_Amilivia
Francisco Javier Fernández Álvarez,1955-07-13,es_leo_leon,2007-06-16,2011-06-11,https://es.wikipedia.org/wiki/Francisco_Javier_Fern%C3%A1ndez_%C3%81lvarez
Emilio Gutiérrez Fernández,1956-04-29,es_leo_leon,2011-06-11,2015-06-13,https://es.wikipedia.org/wiki/Emilio_Guti%C3%A9rrez_Fern%C3%A1ndez
Antonio Silván Rodríguez,1962-07-09,es_leo_leon,2015-06-13,2019-07-05,https://es.wikipedia.org/wiki/Antonio_Silv%C3%A1n
José Antonio Diez Díaz,1968-09-01,es_leo_leon,2019-07-19,2999-12-31,https://es.wikipedia.org/wiki/Jos%C3%A9_Antonio_D%C3%ADez_D%C3%ADaz
Antoni Siurana Zaragoza,1943-02-23,es_lle_lleida,1979-04-19,1987-06-09,https://es.wikipedia.org/wiki/Antoni_Siurana
Jaume Manel Oronich Miravet,1947-08-11,es_lle_lleida,1987-06-09,1989-04-29,https://ca.wikipedia.org/wiki/Jaume_Manel_Oronich_i_Miravet
Antoni Siurana Zaragoza,1943-02-23,es_lle_lleida,1989-04-29,2003-12-29,https://es.wikipedia.org/wiki/Antoni_Siurana
Àngel Ros Domingo,1952-08-09,es_lle_lleida,2003-12-29,2018-08-04,https://es.wikipedia.org/wiki/%C3%80ngel_Ros
Fèlix Larrosa Piqué,1964-09-25,es_lle_lleida,2018-08-29,2019-06-15,https://es.wikipedia.org/wiki/F%C3%A8lix_Larrosa
Miquel Pueyo París,1957-08-18,es_lle_lleida,2019-06-15,2999-12-31,https://es.wikipedia.org/wiki/Miquel_Pueyo
Xosé Novo Freire,1928-10-25,es_lug_lugo,1979-04-19,1983-05-24,https://gl.wikipedia.org/wiki/Xos%C3%A9_Novo_Freire
Vicente Quiroga Rodríguez,1940-01-01,es_lug_lugo,1983-05-24,1991-06-15,https://gl.wikipedia.org/wiki/Vicente_Quiroga_Rodr%C3%ADguez
Tomás Notario Vacas,1926-08-22,es_lug_lugo,1991-06-15,1995-06-17,https://gl.wikipedia.org/wiki/Tom%C3%A1s_Notario_Vacas
Joaquín María García Díez,1954-09-16,es_lug_lugo,1995-06-17,1999-07-04,https://es.wikipedia.org/wiki/Joaqu%C3%ADn_Garc%C3%ADa_D%C3%ADez
Xosé Clemente López Orozco,1947-09-15,es_lug_lugo,1999-07-04,2015-06-13,https://es.wikipedia.org/wiki/Jos%C3%A9_L%C3%B3pez_Orozco
Lara Méndez López,1972-09-17,es_lug_lugo,2015-06-13,2999-12-31,https://es.wikipedia.org/wiki/Lara_M%C3%A9ndez
Juan de Arespacochaga de Felipe,1920-01-27,es_mad_madrid,1976-04-23,1978-03-03,https://es.wikipedia.org/wiki/Juan_de_Arespacochaga
José Luis Álvarez Álvarez,1930-04-04,es_mad_madrid,1978-03-03,1979-01-05,https://es.wikipedia.org/wiki/Jos%C3%A9_Luis_%C3%81lvarez_y_%C3%81lvarez
Luis María Huete Morillo,1929-06-01,es_mad_madrid,1979-01-07,1979-05-15,https://es.wikipedia.org/wiki/Luis_Mar%C3%ADa_Huete
Enrique Tierno Galván,1918-02-08,es_mad_madrid,1979-04-19,1986-01-19,https://es.wikipedia.org/wiki/Enrique_Tierno_Galv%C3%A1n
Juan Antonio Barranco Gallardo,1947-08-13,es_mad_madrid,1986-01-19,1989-06-29,https://es.wikipedia.org/wiki/Juan_Barranco
Agustín Rodríguez Sahagún,1932-04-27,es_mad_madrid,1989-06-29,1991-07-05,https://es.wikipedia.org/wiki/Agust%C3%ADn_Rodr%C3%ADguez_Sahag%C3%BAn
José María Álvarez del Manzano López del Hierro,1937-10-17,es_mad_madrid,1991-07-05,2003-06-14,https://es.wikipedia.org/wiki/Jos%C3%A9_Mar%C3%ADa_%C3%81lvarez_del_Manzano
Alberto Ruiz-Gallardón Jiménez,1958-12-11,es_mad_madrid,2003-06-14,2011-12-22,https://es.wikipedia.org/wiki/Alberto_Ruiz-Gallard%C3%B3n
Manuel Cobo Vega,1957-06-18,es_mad_madrid,2011-12-22,2011-12-27,https://es.wikipedia.org/wiki/Manuel_Cobo
Ana María Botella Serrano,1953-06-23,es_mad_madrid,2011-12-27,2015-06-13,https://es.wikipedia.org/wiki/Ana_Botella
Manuela Carmena Castrillo,1944-02-09,es_mad_madrid,2015-06-13,2019-06-15,https://es.wikipedia.org/wiki/Manuela_Carmena
José Luis Martínez-Almeida Navasqüés,1975-04-17,es_mad_madrid,2019-06-15,2999-12-31,https://es.wikipedia.org/wiki/Jos%C3%A9_Luis_Mart%C3%ADnez-Almeida
Pedro Aparicio Sánchez,1942-10-04,es_mal_malaga,1979-05-15,1995-07-17,https://es.wikipedia.org/wiki/Pedro_Aparicio_S%C3%A1nchez
Celia Villalobos Talero,1949-04-18,es_mal_malaga,1995-07-17,2000-05-04,https://es.wikipedia.org/wiki/Celia_Villalobos
Francisco Manuel de la Torre Prados,1942-12-21,es_mal_malaga,2000-05-04,2999-12-31,https://es.wikipedia.org/wiki/Francisco_de_la_Torre_Prados
José María Aroca Ruiz-Funes,1933-06-25,es_mur_murcia,1979-04-19,1983-05-23,https://es.wikipedia.org/wiki/Jos%C3%A9_Mar%C3%ADa_Aroca_Ruiz-Funes
Antonio Bódalo Santoyo,1940-01-01,es_mur_murcia,1983-05-23,1987-06-30,https://es.wikipedia.org/wiki/Antonio_B%C3%B3dalo_Santoyo
José Méndez Espino,1937-02-27,es_mur_murcia,1987-06-30,1995-06-23,https://es.wikipedia.org/wiki/Jos%C3%A9_M%C3%A9ndez_Espino
Miguel Ángel Cámara Botía,1955-05-06,es_mur_murcia,1995-06-23,2015-06-13,https://es.wikipedia.org/wiki/Miguel_%C3%81ngel_C%C3%A1mara
José Francisco Ballesta Germán,1958-07-19,es_mur_murcia,2015-06-13,2001-03-25,https://es.wikipedia.org/wiki/Jos%C3%A9_Ballesta
José Antonio Serrano Martínez,1959-01-01,es_mur_murcia,2001-03-25,2999-12-31,https://es.wikipedia.org/wiki/Jos%C3%A9_Antonio_Serrano_Mart%C3%ADnez
José Arregui Gil,1921-05-06,es_nav_pamplonairuna,1974-06-01,1976-02-01,https://es.wikipedia.org/wiki/Jos%C3%A9_Arregui_Gil
Francisco Javier Erice Cano,1928-08-28,es_nav_pamplonairuna,1976-02-01,1976-10-10,https://es.wikipedia.org/wiki/Javier_Erice
Tomás Caballero Pastor,1935-02-25,es_nav_pamplonairuna,1976-10-10,1977-03-10,https://es.wikipedia.org/wiki/Tom%C3%A1s_Caballero
Julián Balduz Calvo,1942-08-21,es_nav_pamplonairuna,1979-05-20,1987-06-10,https://es.wikipedia.org/wiki/Juli%C3%A1n_Balduz
José Javier Chourraut Burguete,1935-12-03,es_nav_pamplonairuna,1987-06-20,1991-06-23,https://es.wikipedia.org/wiki/Javier_Chourraut
Yolanda Barcina Angulo,1960-04-04,es_nav_pamplonairuna,1999-07-04,2011-06-11,https://es.wikipedia.org/wiki/Yolanda_Barcina
Enrique Maya Miranda,1959-04-07,es_nav_pamplonairuna,2011-06-11,2015-06-15,https://es.wikipedia.org/wiki/Enrique_Maya
Joseba Asiron Sáez,1962-04-14,es_nav_pamplonairuna,2015-06-15,2019-06-15,https://es.wikipedia.org/wiki/Joseba_Asiron
Enrique Maya Miranda,1959-04-07,es_nav_pamplonairuna,2019-06-15,2999-12-31,https://es.wikipedia.org/wiki/Enrique_Maya
José Luis López Iglesias,1930-11-22,es_our_ourense,1979-04-19,1983-05-23,https://gl.wikipedia.org/wiki/Jos%C3%A9_Luis_L%C3%B3pez_Iglesias
Antonio Caride-Tabarés Castro,,es_our_ourense,1983-05-23,1987-06-30,
Jorge Bermello Fernández,1936-04-07,es_our_ourense,1987-06-30,1987-12-10,https://gl.wikipedia.org/wiki/Jorge_Bermello
Manuel Veiga Pombo,1951-12-12,es_our_ourense,1987-12-10,1990-09-25,https://gl.wikipedia.org/wiki/Manuel_Veiga_Pombo
José Luis Mondelo García,1946-01-01,es_our_ourense,1990-09-25,1991-06-15,https://www.lavozdegalicia.es/noticia/firmas/2013/11/03/fueron-breves-alcaldia-ourense/0003_201311O3C16992.htm
Manuel Veiga Pombo,1951-12-12,es_our_ourense,1991-06-15,1995-06-17,https://gl.wikipedia.org/wiki/Manuel_Veiga_Pombo
Manuel Jaime Cabezas Enríquez,1953-11-14,es_our_ourense,1995-06-17,2007-02-01,https://gl.wikipedia.org/wiki/Manuel_Cabezas
Enrique Nóvoa López,1953-01-01,es_our_ourense,2007-02-01,2007-06-16,https://gl.wikipedia.org/wiki/Enrique_N%C3%B3voa_L%C3%B3pez
Francisco Rodríguez Fernández,1953-04-13,es_our_ourense,2007-06-16,2012-09-27,https://es.wikipedia.org/wiki/Francisco_Rodr%C3%ADguez_Fern%C3%A1ndez_(pol%C3%ADtico)
Margarita Martín Rodríguez,,es_our_ourense,2012-09-27,2012-10-10,
Agustín Fernández Gallego,1959-01-01,es_our_ourense,2012-10-10,2015-06-13,https://gl.wikipedia.org/wiki/Agust%C3%ADn_Fern%C3%A1ndez_Gallego
Jesús Vázquez Abad,1967-09-22,es_our_ourense,2015-06-13,2019-06-15,https://es.wikipedia.org/wiki/Jes%C3%BAs_V%C3%A1zquez_Abad
Gonzalo Pérez Jácome,1969-09-02,es_our_ourense,2019-06-15,2999-12-31,https://es.wikipedia.org/wiki/Gonzalo_P%C3%A9rez_J%C3%A1come
Francisco Jambrina Sastre,1941-01-01,es_pal_palencia,1979-04-19,1987-06-30,https://es.wikipedia.org/wiki/Francisco_Jambrina
Gerardo Cisneros Matía,1933-10-24,es_pal_palencia,1987-06-30,1987-09-07,https://www.fuentesdenava.es/index.php/personas-destacadas/28-turismo/personajes-destacados/66-d-gerardo-cisneros-maria-1933
Antonio Encinas Losada,,es_pal_palencia,1987-09-07,1991-07-05,
Heliodoro Gallego Cuesta,1949-01-09,es_pal_palencia,1991-07-05,1995-06-17,https://es.wikipedia.org/wiki/Heliodoro_Gallego
Marcelo de Manuel Mortera,,es_pal_palencia,1995-06-17,1999-07-04,
Heliodoro Gallego Cuesta,1949-01-09,es_pal_palencia,1999-07-04,2011-06-11,https://es.wikipedia.org/wiki/Heliodoro_Gallego
Alfonso Polanco Rebolleda,1967-12-29,es_pal_palencia,2011-06-11,2019-06-15,https://es.wikipedia.org/wiki/Alfonso_Polanco
Mario Simón Martín,1978-02-14,es_pal_palencia,2019-06-15,2999-12-31,https://es.wikipedia.org/wiki/Mario_Sim%C3%B3n_Mart%C3%ADn
Manuel Bermejo Pérez,1922-01-01,es_lpa_palmasdegrancanarialas,1979-04-21,1980-08-12,https://es.wikipedia.org/wiki/Manuel_Bermejo_P%C3%A9rez
Francisco Zumaquero García,,es_lpa_palmasdegrancanarialas,1980-08-12,1980-08-26,
Juan Rodríguez Doreste,1904-11-29,es_lpa_palmasdegrancanarialas,1980-08-26,1982-07-30,https://www.elmuseocanario.com/images/documentospdf/Callejeando_2021/JUAN%20RODR%C3%8DGUEZ%20DORESTE_ficha_24.pdf
Diego Villegas Betancor,,es_lpa_palmasdegrancanarialas,1982-07-30,1983-05-26,
Juan Rodríguez Doreste,1904-11-29,es_lpa_palmasdegrancanarialas,1983-05-26,1987-07-20,https://www.elmuseocanario.com/images/documentospdf/Callejeando_2021/JUAN%20RODR%C3%8DGUEZ%20DORESTE_ficha_24.pdf
José Vicente León Fernández,1941-01-01,es_lpa_palmasdegrancanarialas,1987-07-20,1990-01-16,https://maspalomasahora.com/art/42689/el-heredero-una-gran-novela
Emilio Mayoral Fernández,1954-01-01,es_lpa_palmasdegrancanarialas,1990-01-16,1991-07-05,https://es.wikipedia.org/wiki/Emilio_Mayoral
José Vicente León Fernández,1941-01-01,es_lpa_palmasdegrancanarialas,1991-07-05,1992-11-04,https://maspalomasahora.com/art/42689/el-heredero-una-gran-novela
José Sintes Marrero,,es_lpa_palmasdegrancanarialas,1992-11-04,1993-02-01,
Emilio Mayoral Fernández,1954-01-01,es_lpa_palmasdegrancanarialas,1993-02-01,1995-06-17,https://es.wikipedia.org/wiki/Emilio_Mayoral
José Manuel Soria López,1958-01-05,es_lpa_palmasdegrancanarialas,1995-06-23,2003-06-30,https://es.wikipedia.org/wiki/Jos%C3%A9_Manuel_Soria
Josefa Luzardo Romano,1963-04-03,es_lpa_palmasdegrancanarialas,2003-06-30,2007-06-16,https://es.wikipedia.org/wiki/Pepa_Luzardo
Jerónimo Saavedra Acevedo,1936-07-03,es_lpa_palmasdegrancanarialas,2007-06-16,2011-06-11,https://es.wikipedia.org/wiki/Jer%C3%B3nimo_Saavedra
Juan José Cardona González,1962-09-28,es_lpa_palmasdegrancanarialas,2011-06-11,2015-06-13,https://es.wikipedia.org/wiki/Juan_Jos%C3%A9_Cardona
Augusto Hidalgo Macario,1972-05-10,es_lpa_palmasdegrancanarialas,2015-06-13,2999-12-31,https://es.wikipedia.org/wiki/Augusto_Hidalgo
José Rivas Fontán,1941-08-08,es_pon_pontevedra,1979-04-19,1991-06-15,https://es.wikipedia.org/wiki/Jos%C3%A9_Rivas_Font%C3%A1n
Francisco Javier Cobián Salgado,1944-02-07,es_pon_pontevedra,1991-06-15,1995-06-17,https://gl.wikipedia.org/wiki/Javier_Cobi%C3%A1n
Juan Luis Pedrosa Fernández,1955-02-08,es_pon_pontevedra,1995-06-17,1999-07-04,https://gl.wikipedia.org/wiki/Juan_Luis_Pedrosa
Miguel Anxo Fernández Lores,1957-06-07,es_pon_pontevedra,1999-07-04,2999-12-31,https://es.wikipedia.org/wiki/Miguel_Anxo_Fern%C3%A1ndez_Lores
Miguel Ángel Marín Castellanos,1939-01-01,es_rio_logrono,1979-04-19,1983-05-23,https://es.wikipedia.org/wiki/Miguel_%C3%81ngel_Mar%C3%ADn
Manuel Sainz Ochoa,1947-08-13,es_rio_logrono,1983-05-23,1995-06-23,https://es.wikipedia.org/wiki/Manuel_Sainz_Ochoa
José Luis Bermejo Fernández,1947-11-18,es_rio_logrono,1995-06-23,2000-10-11,https://es.wikipedia.org/wiki/Jos%C3%A9_Luis_Bermejo
Julio Revuelta Altuna,1959-03-07,es_rio_logrono,2000-10-11,2007-06-16,https://es.wikipedia.org/wiki/Julio_Revuelta
Tomás Santos Munilla,1950-11-26,es_rio_logrono,2007-06-16,2011-06-11,https://es.wikipedia.org/wiki/Tom%C3%A1s_Santos
Concepción Gamarra Ruiz-Clavijo,1974-12-23,es_rio_logrono,2011-06-11,2019-06-15,https://es.wikipedia.org/wiki/Cuca_Gamarra
Pablo Hermoso de Mendoza González,1972-01-01,es_rio_logrono,2019-06-15,2999-12-31,https://es.wikipedia.org/wiki/Pablo_Hermoso_de_Mendoza_Gonz%C3%A1lez
Pablo Beltrán de Heredia Onís,1924-10-23,es_sal_salamanca,1971-01-01,1979-05-15,https://gee.mienciclo.com/articulo/pablo-beltran-de-heredia-y-onis
Jesús Málaga Guerrero,1945-01-01,es_sal_salamanca,1979-05-15,1987-06-30,https://es.wikipedia.org/wiki/Jes%C3%BAs_M%C3%A1laga
Fernando Fernández de Trocóniz,1952-09-21,es_sal_salamanca,1987-06-30,1991-06-15,https://noticiassalamanca.com/historia/fernando-fernandez-de-troconiz/
Jesús Málaga Guerrero,1945-01-01,es_sal_salamanca,1991-06-15,1995-06-17,https://es.wikipedia.org/wiki/Jes%C3%BAs_M%C3%A1laga
Julián Lanzarote Sastre,1951-10-28,es_sal_salamanca,1995-06-17,2011-06-11,https://es.wikipedia.org/wiki/Juli%C3%A1n_Lanzarote
Alfonso Fernando Fernández Mañueco,1965-04-29,es_sal_salamanca,2011-06-11,2018-12-12,https://es.wikipedia.org/wiki/Alfonso_Fern%C3%A1ndez_Ma%C3%B1ueco
Carlos Manuel García Carbayo,1962-11-01,es_sal_salamanca,2018-12-20,2999-12-31,https://es.wikipedia.org/wiki/Carlos_Garc%C3%ADa_Carbayo
José Antonio López Arranz,1937-01-01,es_seg_segovia,1979-05-15,1983-06-23,https://es.wikipedia.org/wiki/Jos%C3%A9_Antonio_L%C3%B3pez_Arranz
Miguel Ángel Trapero García,1952-02-11,es_seg_segovia,1983-06-23,1986-09-25,https://fpabloiglesias.es/entrada-db/trapero-garcia-miguel-angel/
Emilio Zamarriego Monedero,1940-01-01,es_seg_segovia,1986-09-25,1987-06-30,https://www.eladelantado.com/segovia/fue_una_suerte_que_adolfo_suarez_viviera_en_segovia__y_articulara_aquel_nucleo_de__la_transicion/
Luciano Sánchez Reus,1935-02-09,es_seg_segovia,1987-06-30,1989-04-22,https://www.elnortedecastilla.es/v/20101115/castilla-leon/segovia-despide-honores-alcalde-20101115.html
Julio Félix Navajo Gómez,,es_seg_segovia,1989-04-22,1989-05-03,
Juan Antonio Perteguer Rey,1930-01-01,es_seg_segovia,1989-05-03,1991-06-15,https://www.elnortedecastilla.es/20091122/segovia/funeral-alcalde-perteguer-carecera-20091122_amp.html
Ramón Escobar Santiago,1937-03-14,es_seg_segovia,1991-06-15,1999-07-04,https://es.wikipedia.org/wiki/Ram%C3%B3n_Escobar_Santiago
José Antonio López Arranz,1937-01-01,es_seg_segovia,1999-07-04,2003-06-14,https://es.wikipedia.org/wiki/Jos%C3%A9_Antonio_L%C3%B3pez_Arranz
Pedro Cipriano Frutos Arahuetes García,1958-10-25,es_seg_segovia,2003-06-16,2014-03-31,https://gl.wikipedia.org/wiki/Pedro_Arahuetes
Clara Isabel Luquero de Nicolás,1957-07-12,es_seg_segovia,2014-04-05,2999-12-31,https://es.wikipedia.org/wiki/Clara_Luquero
José Ramón Pérez de Lama,1926-08-12,es_sev_sevilla,1978-01-03,1979-04-21,https://es.wikipedia.org/wiki/Jos%C3%A9_Ram%C3%B3n_P%C3%A9rez_de_Lama
Luis Uruñuela Fernández,1937-04-02,es_sev_sevilla,1979-04-21,1983-05-23,https://es.wikipedia.org/wiki/Luis_Uru%C3%B1uela
Manuel del Valle Arévalo,1939-11-10,es_sev_sevilla,1983-05-23,1991-06-17,https://es.wikipedia.org/wiki/Manuel_del_Valle_Ar%C3%A9valo
Alejandro Rojas-Marcos de la Viesca,1940-09-02,es_sev_sevilla,1991-06-17,1995-06-25,https://es.wikipedia.org/wiki/Alejandro_Rojas-Marcos
María Soledad Becerril Bustamante,1944-08-16,es_sev_sevilla,1995-06-25,1999-07-04,https://es.wikipedia.org/wiki/Soledad_Becerril
Alfredo Sánchez Monteseirín,1957-09-25,es_sev_sevilla,1999-07-04,2011-07-11,https://es.wikipedia.org/wiki/Alfredo_S%C3%A1nchez_Monteseir%C3%ADn
Juan Ignacio Zoido Álvarez,1957-01-21,es_sev_sevilla,2011-07-11,2015-06-13,https://es.wikipedia.org/wiki/Juan_Ignacio_Zoido
Juan Espadas Cejas,1966-09-30,es_sev_sevilla,2015-06-13,2022-01-03,https://es.wikipedia.org/wiki/Juan_Espadas
Antonio Muñoz Martínez,1959-10-29,es_sev_sevilla,2022-01-03,2999-12-31,https://es.wikipedia.org/wiki/Antonio_Mu%C3%B1oz_Mart%C3%ADnez
José Luis Liso Marín,1935-03-21,es_sor_soria,1979-04-19,1987-06-30,https://zaguan.unizar.es/record/12682/files/TAZ-TFM-2013-972_ANE.pdf
Virgilio Velasco Bueno,1935-06-05,es_sor_soria,1987-06-30,1995-06-17,http://sirdoc.ccyl.es/biblioteca/LibrosCortes/book/MemoriaActividadesIVv1.pdf
José Javier Jiménez Vivar,,es_sor_soria,1995-06-17,1999-07-04,
Eloísa Álvarez Otero,1956-07-08,es_sor_soria,1999-07-04,2003-06-14,https://es.wikipedia.org/wiki/Elo%C3%ADsa_%C3%81lvarez
Encarnación Redondo Jiménez,1944-04-18,es_sor_soria,2003-06-14,2007-06-16,https://ca.wikipedia.org/wiki/Encarnaci%C3%B3n_Redondo_Jim%C3%A9nez
Carlos Martínez Mínguez,1973-06-28,es_sor_soria,2007-06-16,2999-12-31,https://es.wikipedia.org/wiki/Carlos_Mart%C3%ADnez_M%C3%ADnguez
Josep Maria Recasens Comes,1918-03-19,es_tar_tarragona,1979-04-03,1989-08-17,https://ca.wikipedia.org/wiki/Josep_Maria_Recasens_i_Comes
Joan Miquel Nadal Malé,1950-08-24,es_tar_tarragona,1989-08-26,2007-05-26,https://es.wikipedia.org/wiki/Joan_Miquel_Nadal
Josep Fèlix Ballesteros Casanova,1959-12-27,es_tar_tarragona,2007-06-14,2019-06-15,https://es.wikipedia.org/wiki/Josep_F%C3%A8lix_Ballesteros
Pau Ricomà Vallhonrat,1957-12-05,es_tar_tarragona,2019-06-15,2999-12-31,https://es.wikipedia.org/wiki/Pau_Ricom%C3%A0
Manuel Antonio Hermoso Rojas,1935-06-24,es_tar_tarragona,1979-05-15,1991-06-15,https://es.wikipedia.org/wiki/Manuel_Hermoso
José Emilio García Gómez,1942-01-01,es_tar_tarragona,1991-06-15,1995-06-17,https://es.wikipedia.org/wiki/Jos%C3%A9_Emilio_Garc%C3%ADa_G%C3%B3mez
Miguel Zerolo Aguilar,1957-02-26,es_tar_tarragona,1995-06-17,2011-06-11,https://es.wikipedia.org/wiki/Miguel_Zerolo
José Manuel Bermúdez Esparza,1966-10-23,es_tar_tarragona,2011-06-11,2019-06-15,https://es.wikipedia.org/wiki/Jos%C3%A9_Manuel_Berm%C3%BAdez_Esparza
Patricia Hernández Gutiérrez,1980-02-21,es_tar_tarragona,2019-06-15,2020-07-13,https://es.wikipedia.org/wiki/Patricia_Hern%C3%A1ndez_Guti%C3%A9rrez
José Manuel Bermúdez Esparza,1966-10-23,es_tar_tarragona,2020-07-13,2999-12-31,https://es.wikipedia.org/wiki/Jos%C3%A9_Manuel_Berm%C3%BAdez_Esparza
Ricardo Eced Sánchez,1933-01-01,es_ter_teruel,1979-04-20,1987-06-30,https://issuu.com/femp/docs/carta_local_n_346_mayo_2021/s/12391745
Javier Velasco Rodríguez,1951-02-06,es_ter_teruel,1987-06-30,1991-06-15,https://an.wikipedia.org/wiki/Javier_Velasco_Rodr%C3%ADguez
Ricardo Eced Sánchez,1933-01-01,es_ter_teruel,1991-06-15,1995-06-17,https://issuu.com/femp/docs/carta_local_n_346_mayo_2021/s/12391745
Luis Fernández Uriel,1949-01-01,es_ter_teruel,1995-06-17,1999-07-03,http://historico.aragondigital.es/noticia.asp?notid=8973
Manuel Blasco Marqués,1960-02-09,es_ter_teruel,1999-07-03,2003-06-14,https://es.wikipedia.org/wiki/Manuel_Blasco_Marqu%C3%A9s
Lucía Gómez García,1966-01-01,es_ter_teruel,2003-06-14,2007-06-16,https://www.testimoniosparalahistoria.com/entrevista/maria-lucia-gomez-garcia-alcaldesa-de-teruel-desde-2003/
Juan Miguel Ferrer Górriz,1950-01-01,es_ter_teruel,2007-06-16,2010-11-17,http://teruel-virtual.com/ayuntamiento/juan-miguel-ferrer-gorriz-alcalde-de-teruel-2007/gmx-niv66-con2070.htm
Manuel Blasco Marqués,1960-02-09,es_ter_teruel,2010-11-17,2016-01-27,https://es.wikipedia.org/wiki/Manuel_Blasco_Marqu%C3%A9s
Emma Buj Sánchez,1972-05-10,es_ter_teruel,2016-02-10,2999-12-31,https://es.wikipedia.org/wiki/Emma_Buj
Juan Ignacio de Mesa Ruiz,1947-08-19,es_tol_toledo,1979-04-19,1983-05-23,https://ca.wikipedia.org/wiki/Juan_Ignacio_de_Mesa_Ruiz
Joaquín Manuel Sánchez Garrido,1942-12-24,es_tol_toledo,1983-05-23,1987-06-30,https://es.wikipedia.org/wiki/Joaqu%C3%ADn_S%C3%A1nchez_Garrido
José Manuel Molina García,1956-03-19,es_tol_toledo,1987-06-30,1991-06-15,https://es.wikipedia.org/wiki/Jos%C3%A9_Manuel_Molina
Joaquín Manuel Sánchez Garrido,1942-12-24,es_tol_toledo,1991-06-15,1995-06-23,https://es.wikipedia.org/wiki/Joaqu%C3%ADn_S%C3%A1nchez_Garrido
Agustín Conde Bajén,1965-06-06,es_tol_toledo,1995-06-23,1999-07-04,https://es.wikipedia.org/wiki/Agust%C3%ADn_Conde
José Manuel Molina García,1956-03-19,es_tol_toledo,1999-07-04,2007-06-16,https://es.wikipedia.org/wiki/Jos%C3%A9_Manuel_Molina
Emiliano García-Page Sánchez,1968-06-11,es_tol_toledo,2007-06-16,2015-06-13,https://es.wikipedia.org/wiki/Emiliano_Garc%C3%ADa-Page
Milagros Tolón Jaime,1968-03-25,es_tol_toledo,2015-06-13,2999-12-31,https://es.wikipedia.org/wiki/Milagros_Tol%C3%B3n
Miguel Ramón Izquierdo,1919-12-08,es_val_valencia,1976-02-01,1979-04-03,https://en.wikipedia.org/wiki/Miguel_Ram%C3%B3n_Izquierdo
Fernando Martínez Castellano,1942-01-01,es_val_valencia,1979-04-03,1979-10-05,https://es.wikipedia.org/wiki/Fernando_Mart%C3%ADnez_Castellano
Ricard Pérez Casado,1945-10-27,es_val_valencia,1979-10-05,1989-01-13,https://es.wikipedia.org/wiki/Ricard_P%C3%A9rez_Casado
Clementina Ródenas Villena,1949-05-11,es_val_valencia,1989-01-13,1991-07-05,https://es.wikipedia.org/wiki/Clementina_R%C3%B3denas
María Rita Barberá Nolla,1948-07-16,es_val_valencia,1991-07-05,2015-06-13,https://es.wikipedia.org/wiki/Rita_Barber%C3%A1
Joan Ribó Canut,1947-09-17,es_val_valencia,2015-06-13,2999-12-31,https://es.wikipedia.org/wiki/Joan_Rib%C3%B3
Francisco Fernández Santamaría,1917-05-05,es_vad_valladolid,1976-01-25,1977-11-14,https://es.wikipedia.org/wiki/Francisco_Fern%C3%A1ndez_Santamar%C3%ADa
Manuel Vidal García,1934-09-03,es_vad_valladolid,1978-01-31,1979-02-19,https://es.wikipedia.org/wiki/Manuel_Vidal_Garc%C3%ADa
Francisco Bravo Revuelta,1922-11-30,es_vad_valladolid,1979-02-19,1979-06-25,https://es.wikipedia.org/wiki/Francisco_Bravo_Revuelta
Tomás Rodríguez Bolaños,1944-01-01,es_vad_valladolid,1979-04-20,1995-06-23,https://es.wikipedia.org/wiki/Tom%C3%A1s_Rodr%C3%ADguez_Bola%C3%B1os
Francisco Javier León de la Riva,1945-11-15,es_vad_valladolid,1995-06-23,2015-06-05,https://es.wikipedia.org/wiki/Francisco_Javier_Le%C3%B3n_de_la_Riva
Óscar Puente Santiago,1968-11-15,es_vad_valladolid,2015-06-13,2999-12-31,https://es.wikipedia.org/wiki/%C3%93scar_Puente
María del Pilar Careaga Basabe,1908-10-26,es_biz_bilbao,1969-07-07,1975-07-07,https://es.wikipedia.org/wiki/Pilar_Careaga
José Luis Berasategui Goicoechea,1920-01-25,es_biz_bilbao,1975-07-30,1979-04-18,https://es.wikipedia.org/wiki/Jos%C3%A9_Luis_Berasategui_Goicoechea
José Luis Robles Canibe,1927-05-20,es_biz_bilbao,1983-05-23,1987-07-19,https://es.wikipedia.org/wiki/Jos%C3%A9_Luis_Robles_Canibe
José María Gorordo Bilbao,1947-01-01,es_biz_bilbao,1987-07-20,1990-12-17,https://es.wikipedia.org/wiki/Jos%C3%A9_Mar%C3%ADa_Gorordo
Jesús María Duñabeitia Vidal,1929-11-25,es_biz_bilbao,1990-12-20,1991-06-14,https://es.wikipedia.org/wiki/Jes%C3%BAs_Mar%C3%ADa_Du%C3%B1abeitia
Iñaki Azkuna Urreta,1943-02-14,es_biz_bilbao,1999-07-04,2014-03-21,https://es.wikipedia.org/wiki/I%C3%B1aki_Azkuna
Ibon María Areso Mendiguren,1944-05-20,es_biz_bilbao,2014-03-21,2015-06-12,https://es.wikipedia.org/wiki/Ibon_Areso
Juan María Aburto Rike,1961-03-28,es_biz_bilbao,2015-06-13,2999-12-31,https://es.wikipedia.org/wiki/Juan_Mari_Aburto
Victoriano Martín Fiz,1928-05-20,es_zam_zamora,1979-04-20,1982-10-07,https://www.laopiniondezamora.es/zamora/2013/03/13/zamora-llora-buen-alcalde-1909105.html
Valentín López Tola,1921-01-01,es_zam_zamora,1982-10-07,1983-05-24,https://kzsection.info/green/zamoranos-en-la-memoria-valent-n-l-pez-tola-alcalde-que-fuera-de-zamora/2p-nsoynnmZ7p3A.html
Andrés Luis Calvo,1940-01-14,es_zam_zamora,1983-05-24,1987-06-30,https://es.wikipedia.org/wiki/Andr%C3%A9s_Luis_Calvo
Antolín Martín Martín,1946-01-01,es_zam_zamora,1987-06-30,1991-06-15,https://www.zamoranews.com/articulo/zamora/fallece-antolin-martin-martin-quien-fuera-alcalde-y-presidente-de-la-diputacion-de-zamora/20150610200000072223.html
Andrés Luis Calvo,1940-01-14,es_zam_zamora,1991-06-15,1995-06-17,https://es.wikipedia.org/wiki/Andr%C3%A9s_Luis_Calvo
Antonio Vázquez Jiménez,1944-05-25,es_zam_zamora,1995-06-18,2007-06-16,https://es.wikipedia.org/wiki/Antonio_V%C3%A1zquez_Jim%C3%A9nez
Rosa María Valdeón Santiago,1960-12-17,es_zam_zamora,2007-06-16,2015-06-13,https://es.wikipedia.org/wiki/Rosa_Valde%C3%B3n
Francisco Guarido Viñuela,1958-01-01,es_zam_zamora,2015-06-13,2999-12-31,https://es.wikipedia.org/wiki/Francisco_Guarido
Esteban-Miguel Merino Pinedo,1932-11-02,es_zar_zaragoza,1976-01-01,1979-04-19,https://es.wikipedia.org/wiki/Miguel_Merino_Pinedo
Ramón Sainz de Varanda Jiménez de la Iglesia,1925-01-05,es_zar_zaragoza,1979-04-19,1986-01-10,https://es.wikipedia.org/wiki/Ram%C3%B3n_Sainz_de_Varanda
Antonio González Triviño,1951-03-05,es_zar_zaragoza,1986-01-27,1995-06-17,https://es.wikipedia.org/wiki/Antonio_Gonz%C3%A1lez_Trivi%C3%B1o
Luisa Fernanda Rudi Úbeda,1950-12-13,es_zar_zaragoza,1995-06-17,2000-04-08,https://es.wikipedia.org/wiki/Luisa_Fernanda_Rudi
José Atarés Martínez,1960-08-02,es_zar_zaragoza,2000-04-08,2003-06-14,https://es.wikipedia.org/wiki/Jos%C3%A9_Atar%C3%A9s
Juan Alberto Belloch Julbe,1950-02-03,es_zar_zaragoza,2003-06-14,2015-06-13,https://es.wikipedia.org/wiki/Juan_Alberto_Belloch
Pedro Santisteve Roche,1958-05-28,es_zar_zaragoza,2015-06-13,2019-06-15,https://es.wikipedia.org/wiki/Pedro_Santisteve
Jorge Antonio Azcón Navarro,1973-11-21,es_zar_zaragoza,2019-06-15,2999-12-31,https://es.wikipedia.org/wiki/Jorge_Azc%C3%B3n
